page_number,is_bold,is_italic,is_underline,is_all_caps,word_count,norm_font_size,font,font_size,x0,y0,x1,y1,space_above,space_below,space_left,space_right,text
1,0,0,0,0,6,1,/MNTPMD+NimbusRomNo9L-Regu,23.91,48.96,696.81,622.81,720.72,696.81,71.28,48.96,-10.81,An Efﬁcient Anonymous Authentication Scheme for
1,0,0,0,0,4,1,/MNTPMD+NimbusRomNo9L-Regu,23.91,210.0,668.97,461.06,692.88,668.97,99.12,210.0,150.94,Internet of V ehicles
1,0,0,0,0,14,3,/MNTPMD+NimbusRomNo9L-Regu,10.96,138.0,650.48,477.07,661.44,650.48,130.56,138.0,134.93,"Jingwei Liu ∗, Qingqing Li ∗, Rong Sun ∗, Xiaojiang Du †, Mohsen Guizani"
1,0,0,0,0,11,4,/MNTPMD+NimbusRomNo9L-Regu,9.96,176.16,639.0,494.96,648.96,639.0,143.04,176.16,117.04,"State Key Lab of ISN, Xidian University, Xi’an, 710071, Chin a."
1,0,0,0,0,4,4,/MNTPMD+NimbusRomNo9L-Regu,9.96,133.8,626.76,517.36,636.72,626.76,155.28,133.8,94.64,"Email: jwliu@mail.xidian.edu.cn, 15229259171@163.com, rsun@mail.xidian.edu.cn"
1,0,0,0,0,15,4,/MNTPMD+NimbusRomNo9L-Regu,9.96,98.16,614.4,596.29,624.36,614.4,167.64,98.16,15.71,"Department of Computer and Information Sciences, T emple Un iversity, Philadelphia, P A 19122, USA."
1,0,0,0,0,14,4,/MNTPMD+NimbusRomNo9L-Regu,9.96,108.24,589.68,581.46,599.64,589.68,192.36,108.24,30.54,"Department of Electrical and Computer Engineering, Univer sity of ldaho, Mosocow , ldaho, USA."
1,0,0,0,0,9,5,/PRQDCR+NimbusRomNo9L-MediItal,8.97,58.92,544.83,354.27,553.8,544.83,238.2,58.92,257.73,Abstract—Internet of V ehicles (IoV) is an intelligent application
1,0,0,0,0,4,13,/YDIEOA+Calibri,5.32,330.69,538.6,509.74,548.05,538.6,243.95,330.69,102.26,Private  Public  Enterprise Services
1,0,0,0,0,12,5,/QKZMBU+NimbusRomNo9L-Medi,8.97,48.96,534.87,459.2,543.84,534.87,248.16,48.96,152.8,"of IoT in smart transportation, which can make intelligent d eci-  Cloud"
1,0,0,0,0,22,5,/QKZMBU+NimbusRomNo9L-Medi,8.97,48.96,514.95,349.33,533.88,514.95,258.12,48.96,262.67,sions for passengers. It has drawn extensive attention to im prove trafﬁc safety and efﬁciency and create a more comfortable dr iving
1,0,0,0,1,1,12,/YDIEOA+Calibri,5.33,448.54,512.78,461.86,518.11,512.78,273.89,448.54,150.14,VNO
1,0,0,0,0,14,5,/YDIEOA+Calibri,8.97,48.96,504.09,492.54,513.96,504.09,278.04,48.96,119.46,"and riding environment. V ehicular cloud computing is a vari ant  Policy Enforcement,Flow- Operation"
1,0,0,0,0,12,12,/YDIEOA+Calibri,5.33,48.96,495.03,483.54,505.33,495.03,286.67,48.96,128.46,"based Management,DPI of mobile cloud computing, which can process local informat ion"
1,0,0,0,0,26,5,/QKZMBU+NimbusRomNo9L-Medi,8.97,48.96,475.11,471.5,494.04,475.11,297.96,48.96,140.5,"quickly . The cooperation of the Internet and vehicular clou d can make the communication more efﬁcient in IoV . In this paper ,  Fog Computing"
1,0,0,0,0,6,12,/YDIEOA+Calibri,5.33,377.14,457.06,503.57,462.68,457.06,329.32,377.14,108.43,Mobile WiFi   Consumer Network  DSRC Roadside
1,0,0,0,0,6,12,/YDIEOA+Calibri,5.33,322.47,449.65,512.58,456.75,449.65,335.25,322.47,99.42,"Infrastructure Wi-Fi Hotspots,  Home/Dealership Wi-Fi  Infrastructure"
1,0,0,0,0,3,12,/YDIEOA+Calibri,5.33,373.62,444.27,507.84,449.89,444.27,342.11,373.62,104.16,"802.11u,3G/4G Hotspots,Femtocells 802.11p(V2I)"
1,0,0,0,0,3,20,/YDIEOA+Calibri,4.22,437.32,409.24,494.29,413.46,409.24,378.54,437.32,117.71,V2V Communication (802.11p)
1,0,0,0,0,17,4,/MNTPMD+NimbusRomNo9L-Regu,9.96,48.96,385.81,550.67,396.96,385.81,395.04,48.96,61.33,Fig. 1 Four-level system model for IoV we mainly focus on the secure communication between vehicle s
1,0,0,0,0,48,5,/QKZMBU+NimbusRomNo9L-Medi,8.97,48.96,266.5,595.94,384.69,266.5,407.31,48.96,16.06,"and roadside units. W e ﬁrst propose a new certiﬁcateless sho rt signature scheme (CLSS) and prove the unforgeability of it i n random oracle model. Then, by combining CLSS and a regional vehicles—mobile vehicular cloud computing. V ehicles and management strategy we design an efﬁcient anonymous mutual"
1,0,0,0,0,5,2,/Times-Roman,20.0,32.0,236.0,422.0,256.0,236.0,536.0,32.0,190.0,arXiv:1811.03239v1  [cs.CR]  8 Nov 2018
1,0,0,0,0,9,4,/MNTPMD+NimbusRomNo9L-Regu,9.96,312.0,233.13,590.95,243.09,233.13,548.91,312.0,21.05,RSUs often have three kinds of resources including data
1,0,0,0,0,36,5,/QKZMBU+NimbusRomNo9L-Medi,8.97,48.96,147.31,353.82,186.16,147.31,605.84,48.96,258.18,"quick authentication scheme for IoV . Additionally, the qua ntitative performance analysis shows that the proposed sche me achieves higher efﬁciency in terms of interaction between v ehicles and roadside units compared with other existing schemes."
1,0,0,0,1,10,4,/MNTPMD+NimbusRomNo9L-Regu,9.96,135.6,128.92,211.32,138.88,128.92,653.12,135.6,400.68,I. I N T RO D U CT IO N
1,0,0,0,0,104,4,/MNTPMD+NimbusRomNo9L-Regu,9.96,48.96,-41.74,645.75,124.0,-41.74,668.0,48.96,-33.75,"T oday, the Internet of Things (IoT) is widely used in various storage, sensors and computing. The interconnection of the se areas, including smart transportation, smart grid, smart h ealth, resources and Internet establishes a vehicular cloud to pro vide etc. Internet of V ehicles (IoV) [1] is one of the revolutions of intelligent service. For instance, vehicles pick up emerge ncy IoT . It develops from V ehicular Ad hoc Networks (V ANETs). road situation, and upload it to the vehicle cloud server. V ANETs cannot make intelligent decisions due to lacking Finally, the cloud server reminds the relevant vehicles to n otice"
1,0,0,0,0,9,4,/MNTPMD+NimbusRomNo9L-Regu,9.96,312.0,-53.74,605.9,-43.78,-53.74,835.78,312.0,6.1,the breaking information. V ehicle could upload global and
1,0,0,0,0,122,4,/MNTPMD+NimbusRomNo9L-Regu,9.96,48.96,-231.98,630.8,-149.79,-231.98,941.79,48.96,-18.8,"the capacity of processing, analyzing, and evaluating glob al information collected from vehicles and infrastructures. In constant contents to the Internet. It will decreases the eve nt contrast to V ANETs, IoV integrates vehicles, human, things , processing delay. All operations are based on the cooperati on and networks as an intelligent unit via network technologie s of vehicular cloud, public cloud, private cloud, enterpris e including deep learning, fog computing, cloud computing, e tc. cloud, and big data analysis, which make IoV more intelligen t. Relevant scholars have proposed several reference models Many previous works provide the technical basis for IoV on IoV , such as three-level model [2], four-level model [3], [6]–[18]. However, IoV still faces many challenges [19]–[2 3]."
1,0,0,0,0,10,4,/MNTPMD+NimbusRomNo9L-Regu,9.96,312.0,-243.98,610.88,-234.01,-243.98,1026.01,312.0,1.12,Security threats and privacy issues have been more and more
1,0,0,0,0,9,4,/MNTPMD+NimbusRomNo9L-Regu,9.96,48.96,-350.82,342.86,-340.86,-350.82,1132.86,48.96,269.14,and ﬁve-level model [4]. The four-level model was proposed
1,0,0,0,0,12,4,/MNTPMD+NimbusRomNo9L-Regu,9.96,312.0,-363.53,625.82,-353.56,-363.53,1145.56,312.0,-13.82,crucial in IoV . If an attacker impersonates a vehicle to send
1,0,0,0,0,12,4,/MNTPMD+NimbusRomNo9L-Regu,9.96,48.96,-469.18,332.9,-459.22,-469.18,1251.22,48.96,279.1,"by CISCO in 2013, as shown in Fig. 1. It mainly consists"
1,0,0,0,0,23,4,/MNTPMD+NimbusRomNo9L-Regu,9.96,312.0,-493.88,640.77,-471.92,-493.88,1263.92,312.0,-28.77,"fake messages, it may affect traveling routes of other vehic les. By now , many researches on the security of IoV [24]–[26] have"
1,0,0,0,0,8,4,/MNTPMD+NimbusRomNo9L-Regu,9.96,48.96,-588.73,337.88,-578.77,-588.73,1370.77,48.96,274.12,"of vehicles, roadside units (RSUs), personal devices, and"
1,0,0,0,0,59,4,/MNTPMD+NimbusRomNo9L-Regu,9.96,312.0,-673.19,640.77,-603.47,-673.19,1395.47,312.0,-28.77,"been presented. Besides security concern, privacy preserv ation is another crucial requirement. It should prevent attacker s from obtaining user’s private and sensitive information, such a s the user’s real identity and location. However, if any vehicle i s compromised, the trusted authority should be able to track i t from relevant information. So, anonymity in IoV should be"
1,0,0,0,0,9,4,/MNTPMD+NimbusRomNo9L-Regu,9.96,48.96,-707.09,332.9,-697.13,-707.09,1489.13,48.96,279.1,sensors. V arious communication scenes in IoV are summa-
1,0,0,0,0,81,4,/MNTPMD+NimbusRomNo9L-Regu,9.96,48.96,-1242.54,382.71,-816.68,-1242.54,1608.68,48.96,229.29,"rized in Fig. 2: V ehicle-to-V ehicle (V2V), V ehicle-to-Roa dside unit (V2R), V ehicle-to-Personal devices (V2P) and V ehicleto-Sensors (V2S). This kind of hybrid communication model could provide more convenient and intelligent services in I oV . The real-time connection between vehicles and IoV networks makes services more reliable and secure. As an emerging paradigm, mobile cloud computing (MCC) is a branch of cloud computing for mobile Internet. In [5], Gerla proposed a new computing model based on MCC for"
2,0,0,0,0,7,14,/QMZEVE+TimesNewRomanPSMT,5.19,219.6,716.29,292.82,729.95,716.29,62.05,219.6,319.18,"V2V,V2R (IEEE 802.11p) V2R (IEEE 802.11b\g 4G/LTE)"
2,0,0,0,0,3,9,/QMZEVE+TimesNewRomanPSMT,6.86,220.02,706.95,397.21,714.81,706.95,77.19,220.02,214.79,TBA V2P (Carplay/OAA/NCF)
2,0,0,0,1,1,9,/QMZEVE+TimesNewRomanPSMT,6.86,488.33,703.59,502.06,710.45,703.59,81.55,488.33,109.94,TCC
2,0,0,0,0,3,9,/QMZEVE+TimesNewRomanPSMT,6.86,219.7,696.11,449.83,702.98,696.11,89.02,219.7,162.17,Internet V2S (Ethernet/Wi-Fi/MOST)
2,0,0,0,1,1,9,/QMZEVE+TimesNewRomanPSMT,6.86,418.27,662.07,431.99,668.93,662.07,123.07,418.27,180.01,RSU
2,0,0,0,0,8,4,/MNTPMD+NimbusRomNo9L-Regu,9.96,82.8,603.72,301.98,613.68,603.72,178.32,82.8,310.02,Fig. 2 V arious communication scenes in IoV
2,0,0,0,0,53,4,/MNTPMD+NimbusRomNo9L-Regu,9.96,48.96,521.04,524.2,578.76,521.04,213.24,48.96,87.8,"Because of combing the merits of certiﬁcateless cryptosystem and short signature, certiﬁcateless short signat ure is Fig. 3 A T ypical IoV Scenariosuitable for recourse-constrained IoV scenario. In 2007, H uang et al. proposed the ﬁrst certiﬁcateless short signature sch eme and the security model [27]. In 2013, He et al. [28] proposed"
2,0,0,0,0,11,4,/QKZMBU+NimbusRomNo9L-Medi,9.96,321.96,511.56,556.2,521.52,511.56,270.48,321.96,55.8,V ehicles: Each vehicle in IoV is equipped with an OBU
2,0,0,0,0,17,4,/MNTPMD+NimbusRomNo9L-Regu,9.96,332.04,487.68,635.9,509.52,487.68,282.48,332.04,-23.9,that can periodically send relevant road safety informatio n to other vehicles and RSUs through wireless channels.
2,0,0,0,0,52,4,/MNTPMD+NimbusRomNo9L-Regu,9.96,48.96,246.89,606.01,411.45,246.89,380.55,48.96,5.99,"an efﬁcient scheme with better performance than the previou s schemes. In this paper, we mainly focus on the privacy preserving In addition, it can receive and report the other OBUs’ secure access issue in IoV . Considering the aforementioned messages in a multi-hop way.conﬂicts and challenges, we propose an efﬁcient anonymous"
2,0,0,0,0,9,4,/QKZMBU+NimbusRomNo9L-Medi,9.96,321.96,236.69,491.44,246.66,236.69,545.34,321.96,120.56,RSU (Road-Side Unit): RSUs are the ﬁxed road infras-
2,0,0,0,0,7,4,/MNTPMD+NimbusRomNo9L-Regu,9.96,332.04,224.69,606.01,234.66,224.69,557.34,332.04,5.99,tructures deployed on road-side. RSUs generally commu-
2,0,0,0,0,6,4,/ALYVCZ+CMSY10,9.96,465.48,129.0,556.2,141.48,129.0,650.52,465.48,55.8,1  ) ∈ Z q ×
2,0,0,0,0,19,8,/IIHOVD+CMMI7,6.97,48.96,127.34,513.96,138.0,127.34,654.0,48.96,98.04,"t + s P, ...,t s Pauthentication scheme for IoV . The main contributions of th is 1k +"
2,0,0,0,0,16,4,/ZSYCBV+CMMI10,9.96,48.96,114.48,507.6,127.92,114.48,664.08,48.96,104.4,"A  = 1G  .paper are summarized as follows:1 , output a pair (A,c) such thatc+s P"
2,0,0,0,0,9,4,/MNTPMD+NimbusRomNo9L-Regu,9.96,332.04,105.14,610.99,115.1,105.14,676.9,332.04,1.01,nicate with TCC through wired channel. They are respon-
2,0,0,0,0,6,4,/MNTPMD+NimbusRomNo9L-Regu,9.96,58.92,100.7,317.95,110.66,100.7,681.34,58.92,294.05,The proposed scheme provides conditional anonymous
2,0,0,0,0,3,4,/IXUHUC+NimbusRomNo9L-ReguItal,9.96,312.0,94.56,411.63,104.52,94.56,687.48,312.0,200.37,C. Design Objectives
2,0,0,0,0,10,4,/MNTPMD+NimbusRomNo9L-Regu,9.96,312.0,65.64,585.97,87.48,65.64,704.52,312.0,26.03,The design objectives of our scheme are described as follows:
2,0,0,0,0,8,4,/MNTPMD+NimbusRomNo9L-Regu,9.96,332.04,-13.21,630.92,-3.25,-13.21,795.25,332.04,-18.92,"sible for collecting, uploading and distributing real-tim e"
2,0,0,0,0,5,4,/MNTPMD+NimbusRomNo9L-Regu,9.96,69.0,-17.66,303.12,-7.7,-17.66,799.7,69.0,308.88,mutual authentication and privacy preservation.
2,0,0,0,0,7,4,/MNTPMD+NimbusRomNo9L-Regu,9.96,332.04,-25.21,596.05,-15.25,-25.21,807.25,332.04,15.95,trafﬁc information. Because RSUs can manage messages
2,0,0,0,0,9,4,/MNTPMD+NimbusRomNo9L-Regu,9.96,58.92,-29.66,337.87,-19.7,-29.66,811.7,58.92,274.13,A concept of regional management for roadside units is
2,0,0,0,0,11,4,/MNTPMD+NimbusRomNo9L-Regu,9.96,332.04,-143.57,615.98,-133.61,-143.57,925.61,332.04,-3.98,"in their ranges, so they can act as gateways and provide"
2,0,0,0,0,9,4,/MNTPMD+NimbusRomNo9L-Regu,9.96,69.0,-149.21,337.99,-139.25,-149.21,931.25,69.0,274.01,introduced. RSUs in the same region can work together
2,0,0,0,0,4,4,/MNTPMD+NimbusRomNo9L-Regu,9.96,332.04,-263.12,466.54,-253.16,-263.12,1045.16,332.04,145.46,wireless services for OBUs.
2,0,0,0,0,15,4,/MNTPMD+NimbusRomNo9L-Regu,9.96,58.92,-279.57,337.87,-257.61,-279.57,1049.61,58.92,274.13,"to complete the veriﬁcation of vehicles. Compared with the previous schemes, our scheme is more"
2,0,0,0,0,3,4,/IXUHUC+NimbusRomNo9L-ReguItal,9.96,312.0,-289.04,396.68,-279.08,-289.04,1071.08,312.0,215.32,B. Security Model
2,0,0,0,0,28,4,/MNTPMD+NimbusRomNo9L-Regu,9.96,312.0,-329.96,640.76,-296.12,-329.96,1088.12,312.0,-28.76,"In general, a CLSS contains six parts: Setup, Partial-Priva teKey-Extract, Set-Secret-V alue, Set-Public-Key, Signing , and V eriﬁcation. W e assume that there are two types of opponents"
2,0,0,0,0,60,4,/MNTPMD+NimbusRomNo9L-Regu,9.96,48.96,-449.52,615.86,-387.96,-449.52,1179.96,48.96,-3.86,"efﬁcient in terms of computational overhead. The rest of this paper is organized as follows. In Section II, IoV scenario model and some preliminaries are introduce d. Then, a certiﬁcateless short signature (CLSS) is proposed. In Section IV , an anonymous authentication scheme for IoV is to try to attack CLSS based on the ability of the master key: AI"
2,0,0,0,0,23,4,/MNTPMD+NimbusRomNo9L-Regu,9.96,312.0,-473.4,625.82,-451.55,-473.4,1243.55,312.0,-13.82,"can replace any user’s public key without the master key; AII can obtain the master key, but is unable to replace any user’s"
2,0,0,0,0,9,4,/MNTPMD+NimbusRomNo9L-Regu,9.96,48.96,-568.0,337.88,-558.04,-568.0,1350.04,48.96,274.12,proposed based on CLSS. The security analysis and perfor-
2,0,0,0,0,20,4,/MNTPMD+NimbusRomNo9L-Regu,9.96,312.0,-604.95,630.81,-582.98,-604.95,1374.98,312.0,-18.81,public key. It will be proved that our scheme is existentiall y unforgeable against adaptive chosen message and ID attacks
2,0,0,0,0,11,4,/MNTPMD+NimbusRomNo9L-Regu,9.96,48.96,-687.55,357.8,-677.59,-687.55,1469.59,48.96,254.2,"mance evaluation are given in Section V . Finally, Section VI"
2,0,0,0,0,20,4,/MNTPMD+NimbusRomNo9L-Regu,9.96,312.0,-747.78,600.92,-713.34,-747.78,1505.34,312.0,11.08,"for two adversaries in random oracle model. T o prove the security of CLSS, we assume the following hard problems:"
2,0,0,0,0,3,4,/MNTPMD+NimbusRomNo9L-Regu,9.96,48.96,-805.91,158.55,-795.94,-805.91,1587.94,48.96,453.45,concludes this paper.
2,0,0,0,1,2,4,/MNTPMD+NimbusRomNo9L-Regu,9.96,126.0,-827.51,215.66,-817.54,-827.51,1609.54,126.0,396.34,II. PRELIMINARIES
2,0,0,0,0,14,4,/MNTPMD+NimbusRomNo9L-Regu,9.96,48.96,-856.55,327.91,-834.58,-856.55,1626.58,48.96,284.09,"In this section, we introduce the IoV scenario model, security model, and design objectives."
2,0,0,0,0,7,4,/QKZMBU+NimbusRomNo9L-Medi,9.96,312.0,-872.12,531.18,-862.15,-872.12,1654.15,312.0,80.82,Deﬁnition 1. The k-bilinear Difﬁe-Hellman inversion (k-
2,0,0,0,0,13,4,/MNTPMD+NimbusRomNo9L-Regu,9.96,312.0,-885.56,575.96,-874.15,-885.56,1666.15,312.0,36.04,"BDHI) Problem: Given two groups G  G , and a gen- 1 and2"
2,0,0,0,0,19,4,/ZSYCBV+CMMI10,9.96,312.0,-898.76,559.98,-886.15,-898.76,1678.15,312.0,52.02,"erator P of G , a (n+1)-tuple (P, αP, α 2P, ..., α nP ) ∈ G1 1 ,"
2,0,0,0,0,5,4,/MNTPMD+NimbusRomNo9L-Regu,9.96,312.0,-908.72,400.98,-895.03,-908.72,1687.03,312.0,211.02,"−compute e(P, P ) ."
2,0,0,0,0,7,4,/QKZMBU+NimbusRomNo9L-Medi,9.96,312.0,-921.2,521.22,-911.23,-921.2,1703.23,312.0,90.78,Deﬁnition 2. The k-Collision Attack Algorithm (k-CAA)
2,0,0,0,0,11,4,/MNTPMD+NimbusRomNo9L-Regu,9.96,312.0,-933.08,578.9,-923.11,-933.08,1715.11,312.0,33.1,"Problem: Given a ﬁxed and known integer k, and a (2k+2)-"
2,0,0,0,0,14,4,/ZSYCBV+CMMI10,9.96,312.0,-945.08,437.53,-935.11,-945.08,1727.11,312.0,174.47,"tuple ( t , t 2, ..., t k, P, Q = sP, 11"
2,0,0,0,0,3,4,/IXUHUC+NimbusRomNo9L-ReguItal,9.96,48.96,-1070.54,133.64,-1060.58,-1070.54,1852.58,48.96,478.36,A. Scenario Model
2,0,0,0,0,20,4,/MNTPMD+NimbusRomNo9L-Regu,9.96,48.96,-1098.74,367.76,-1076.78,-1098.74,1868.78,48.96,244.24,"A typical scenario model for IoV is illustrated in Fig. 3. It mainly consists of TCC, TBA, vehicles, and RSU."
2,0,0,0,0,8,4,/QKZMBU+NimbusRomNo9L-Medi,9.96,58.92,-1113.38,248.21,-1103.42,-1113.38,1895.42,58.92,363.79,TCC (T ransportation Control Center): TCC is in
2,0,0,0,0,22,4,/MNTPMD+NimbusRomNo9L-Regu,9.96,69.0,-1256.82,392.79,-1115.42,-1256.82,1907.42,69.0,219.21,"charge of initializing systems, enrolling all entities in I oV , collecting data from RSU, tracking malicious vehicles, and maintaining revocation list."
2,0,0,0,0,8,4,/QKZMBU+NimbusRomNo9L-Medi,9.96,58.92,-1268.7,203.38,-1258.73,-1268.7,2050.73,58.92,408.62,TBA (T race Back Authority): TBA is responsible
2,0,0,0,0,14,4,/MNTPMD+NimbusRomNo9L-Regu,9.96,69.0,-1518.61,352.94,-1270.73,-1518.61,2062.73,69.0,259.06,"for receiving relevant information of dishonest vehicle, conﬁrming malicious behavior and implementing corresponding punishment."
3,0,0,0,0,4,4,/QKZMBU+NimbusRomNo9L-Medi,9.96,58.92,723.12,198.51,733.08,723.12,58.92,58.92,413.49,Anonymous authentication: Anonymous authentication
3,0,0,0,0,37,4,/MNTPMD+NimbusRomNo9L-Regu,9.96,69.0,449.33,372.86,721.08,449.33,70.92,69.0,239.14,"is an efﬁcient approach to protect vehicle’s privacy. The proposed scheme should be able to verify if the trafﬁc information is released by legitimate vehicles. Furthermore , it should prevent attackers from obtaining vehicle’s actua l identity."
3,0,0,0,0,7,4,/QKZMBU+NimbusRomNo9L-Medi,9.96,58.92,437.33,228.28,447.29,437.33,344.71,58.92,383.72,Conditional Privacy Preservation: If vehicles follow the
3,0,0,0,0,28,4,/MNTPMD+NimbusRomNo9L-Regu,9.96,69.0,67.99,357.92,435.41,67.99,356.59,69.0,254.08,"scheme honestly, their privacy should be protected very well. On the contrary, if dishonest vehicles deliberately release fake messages, TCC should be able to disclose their real identities."
3,0,0,0,0,8,4,/QKZMBU+NimbusRomNo9L-Medi,9.96,58.92,55.99,253.31,65.95,55.99,726.05,58.92,358.69,Non-reputation: OBUs and RSUs cannot deny that they
3,0,0,0,0,6,4,/MNTPMD+NimbusRomNo9L-Regu,9.96,69.0,44.11,318.07,54.07,44.11,737.93,69.0,293.93,have distributed the relevant trafﬁc information.
3,0,0,0,0,43,4,/MNTPMD+NimbusRomNo9L-Regu,9.96,48.96,-8.81,362.78,31.15,-8.81,760.85,48.96,249.22,"III. A N IM P ROV E D C E RT IFICAT E L E S S SH O RT S IG NAT U RE In this section, we propose an improved CLSS as an essential cryptographic primitive for our anonymous authentica tion"
3,0,0,0,0,5,4,/IXUHUC+NimbusRomNo9L-ReguItal,9.96,48.96,-20.69,366.79,-7.95,-20.69,799.95,48.96,245.21,F . Signingin IoV .
3,0,0,0,0,18,4,/MNTPMD+NimbusRomNo9L-Regu,9.96,312.0,-46.83,583.04,-19.83,-46.83,811.83,312.0,28.96,"using its private The signer signs a message m ∈ { 0, 1} key SK ID as follows:"
3,0,0,0,0,27,4,/ZSYCBV+CMMI10,9.96,322.68,-71.43,568.45,-49.59,-71.43,841.59,322.68,43.55,"- Compute h  H (m, ID, P K ID , P K ID ); 2 =223 1- Compute σ = (xs hh)(P + xP ) as the"
3,0,0,0,0,6,8,/VSPXVB+CMR7,6.97,412.8,-72.87,527.52,-62.91,-72.87,854.91,412.8,84.48,ID + 0 2 pub 1
3,0,0,0,0,10,4,/MNTPMD+NimbusRomNo9L-Regu,9.96,322.68,-95.43,435.14,-73.47,-95.43,865.47,322.68,176.86,signature on m ; - Send σ  to the veriﬁer.
3,0,0,0,0,3,4,/IXUHUC+NimbusRomNo9L-ReguItal,9.96,312.0,-114.99,386.72,-105.03,-114.99,897.03,312.0,225.28,G. V eriﬁcation
3,0,0,0,0,26,4,/MNTPMD+NimbusRomNo9L-Regu,9.96,312.0,-154.35,580.22,-120.51,-154.35,912.51,312.0,31.78,"On receiving the signer’s identity ID, public key P K ID , message m , and the corresponding signature σ, the veriﬁer does the following steps:"
3,0,0,0,0,69,4,/ZSYCBV+CMMI10,9.96,322.68,-205.83,615.35,-158.55,-205.83,950.55,322.68,-3.35,"- Compute h  H (ID, P K ID ), h  H (ID, R ID ; 0 =011 =1 ) - Compute h  H (m, ID, P K ID , P K ID ); 2 =223 - V erify the equation P  P K  e (σ, h 0P Kpub2 ·ID1 = ID 2 − h P h h P K ). If it holds, the signer is authen- 1pub1 +02ID3"
3,0,0,0,0,14,4,/MNTPMD+NimbusRomNo9L-Regu,9.96,321.96,-230.55,576.0,-206.43,-230.55,998.43,321.96,36.0,"ticated; otherwise, the veriﬁcation fails. The correctness of the scheme is proved as follows:"
3,0,0,0,0,3,4,/IXUHUC+NimbusRomNo9L-ReguItal,9.96,48.96,-249.03,123.68,-239.07,-249.03,1031.07,48.96,488.32,A. System Setup
3,0,0,0,0,15,4,/ZSYCBV+CMMI10,9.96,326.88,-255.27,508.44,-243.87,-255.27,1035.87,326.88,103.56,"e (σ, h 0P K  h P  h h P K ) ID2 −1pub1 +02ID3"
3,0,0,0,0,9,4,/MNTPMD+NimbusRomNo9L-Regu,9.96,58.92,-265.83,407.64,-255.87,-265.83,1047.87,58.92,204.36,Key generation centre (KGC) ﬁrst initializes the whole  1
3,0,0,0,0,19,4,/ZSYCBV+CMMI10,9.96,316.92,-273.15,555.84,-261.75,-273.15,1053.75,316.92,56.16,"= e ((xs  h h ) (P + xP ), h 0P K  h PID +02pub1ID2 −1 pub 1"
3,0,0,0,0,3,4,/MNTPMD+NimbusRomNo9L-Regu,9.96,48.96,-277.83,143.6,-267.87,-277.83,1059.87,48.96,468.4,system as follows:
3,0,0,0,0,38,4,/ZSYCBV+CMMI10,9.96,59.64,-307.59,550.56,-279.75,-307.59,1071.75,59.64,61.44,"+ h h P K ) 02ID3- KGC takes the security parameter l as input, and outputs 1 1 1 +cyclic additive group G G1 and multiplicative group2= e((hr hs + xhh)(x s )P, ( h r  h"
3,0,0,0,1,10,8,/VSPXVB+CMR7,6.97,345.6,-309.03,559.8,-299.07,-309.03,1091.07,345.6,52.2,0 ID − 1 0 2 0 ID − 1
3,0,0,0,0,17,4,/ZSYCBV+CMMI10,9.96,69.0,-318.15,307.2,-306.75,-318.15,1098.75,69.0,304.8,"with same order q, and a bilinear map e : G G  G ; 1 ×1 →2"
3,0,0,0,0,4,4,/ZSYCBV+CMMI10,9.96,326.88,-325.59,399.3,-312.03,-325.59,1104.03,326.88,212.7,1s + hhx)P )
3,0,0,0,0,12,4,/VSPXVB+CMR7,9.96,59.64,-328.59,363.24,-317.07,-328.59,1109.07,59.64,248.76,"0 2- KGC selects a generator P ∈ G, a random system"
3,0,0,0,0,5,4,/ZSYCBV+CMMI10,9.96,69.0,-340.59,354.93,-328.47,-340.59,1120.47,69.0,257.07,1master key s ∈ Z
3,0,0,0,0,10,8,/IIHOVD+CMMI7,6.97,140.28,-345.03,345.96,-331.47,-345.03,1123.47,140.28,266.04,"s+ xq , and computes the system public key= g"
3,0,0,0,0,22,4,/ZSYCBV+CMMI10,9.96,69.0,-354.03,303.96,-342.63,-354.03,1134.63,69.0,308.04,"P  { P , P pub } = { sP, g s}, where g = e (P, P ) ; pub =pub12"
3,0,0,0,0,7,4,/ZSYCBV+CMMI10,9.96,316.92,-358.47,388.44,-347.07,-358.47,1139.07,316.92,223.56,= P  P Kpub2 · ID 1
3,0,0,0,0,10,4,/MNTPMD+NimbusRomNo9L-Regu,9.96,59.64,-365.91,292.92,-354.51,-365.91,1146.51,59.64,319.08,- KGC chooses three one-way hash functions H 0 :
3,0,0,0,0,15,4,/ZSYCBV+CMMI10,9.96,69.0,-376.47,451.47,-362.91,-376.47,1154.91,69.0,160.53,"×  × H. Security Analysis of CLSS{0, 1} G Z H {0, 1} G Z"
3,0,0,0,0,9,8,/VSPXVB+CMR7,6.97,121.8,-378.87,302.28,-367.95,-378.87,1159.95,121.8,309.72,"2 → 1 : 1 →q , q ,"
3,0,0,0,1,9,4,/ZSYCBV+CMMI10,9.96,69.0,-388.35,221.76,-374.79,-388.35,1166.79,69.0,390.24,"× {  ×H {0, 1}0, 1} G  G  Z"
3,0,0,0,0,13,4,/VSPXVB+CMR7,9.96,77.28,-390.87,580.99,-379.71,-390.87,1171.71,77.28,31.01,The proposed CLSS scheme is secure under adaptively 2 :1 ×1 →q .
3,0,0,0,0,39,4,/ZSYCBV+CMMI10,9.96,48.96,-415.35,600.91,-391.71,-415.35,1183.71,48.96,11.09,"chosen-message and ID attacks in random oracle model. The Next, KGC publishes params = {G, G 2, H 0, H 1, H 2, P, 1 P , q, g, e } as the system parameters and keeps system pub"
3,0,0,0,0,5,4,/MNTPMD+NimbusRomNo9L-Regu,9.96,48.96,-427.35,151.39,-417.39,-427.35,1209.39,48.96,460.61,master key s in secret.
3,0,0,0,0,3,4,/IXUHUC+NimbusRomNo9L-ReguItal,9.96,48.96,-450.15,148.59,-440.19,-450.15,1232.19,48.96,463.41,B. Set-Secret-V alue
3,0,0,0,0,13,4,/MNTPMD+NimbusRomNo9L-Regu,9.96,58.92,-469.47,315.68,-456.99,-469.47,1248.99,58.92,296.32,A signer chooses a random number x ∈ Z q as its secret
3,0,0,0,0,11,4,/MNTPMD+NimbusRomNo9L-Regu,9.96,48.96,-480.75,332.31,-467.19,-480.75,1259.19,48.96,279.69,"xvalue, and computes P K g as its partial public key."
3,0,0,0,1,3,8,/IIHOVD+CMMI7,6.97,151.56,-482.19,172.32,-472.23,-482.19,1264.23,151.56,439.68,ID 1 =
3,0,0,0,0,3,4,/IXUHUC+NimbusRomNo9L-ReguItal,9.96,48.96,-503.55,203.38,-493.59,-503.55,1285.59,48.96,408.62,C. P artial-Private-Key-Extract
3,0,0,0,0,22,4,/MNTPMD+NimbusRomNo9L-Regu,9.96,58.92,-522.87,590.95,-510.07,-522.87,1302.07,58.92,21.05,"security of the CLSS scheme relies on k-BDHI and k-CAA. KGC chooses a random r Z RID ∈ID =q , and computes"
3,0,0,0,0,44,4,/ZSYCBV+CMMI10,9.96,48.96,-545.67,316.03,-522.39,-545.67,1314.39,48.96,295.97,"r  , s h r  h s) mod q , D R  ID , ID PID = (0ID −1ID = (ID , s ) where h  H (ID, P K ID ), h  H (ID, R ID . Then, it 0 =011 =1 )"
3,0,0,0,0,19,4,/MNTPMD+NimbusRomNo9L-Regu,9.96,48.96,-570.15,297.99,-546.27,-570.15,1338.27,48.96,314.01,sends D ID to the signer via a secure channel. The signer can verify DID via the following equation:
3,0,0,0,0,17,4,/ZSYCBV+CMMI10,9.96,65.04,-588.75,274.8,-577.35,-588.75,1369.35,65.04,337.2,"H (ID, R ID P  H (ID, P K ID )R  s1 )pub1 =01ID − ID P"
3,0,0,0,0,14,4,/MNTPMD+NimbusRomNo9L-Regu,9.96,58.92,-624.75,297.02,-613.35,-624.75,1405.35,58.92,314.98,"The signer sets SK x, D ID  as its private key.ID = ( )"
3,0,0,0,0,13,4,/MNTPMD+NimbusRomNo9L-Regu,9.96,312.0,-639.58,635.78,-629.62,-639.58,1421.62,312.0,-23.78,"The security proof of our scheme is similar to the scheme [29] ,"
3,0,0,0,0,12,4,/MNTPMD+NimbusRomNo9L-Regu,9.96,312.0,-651.58,615.86,-641.62,-651.58,1433.62,312.0,-3.86,"[30]. Due to the page limitation, we omit the full proof and"
3,0,0,0,0,19,4,/ZSYCBV+CMMI10,9.96,58.92,-664.47,292.08,-653.07,-664.47,1445.07,58.92,319.92,"The signer sets P K  { P K , P K ID , P K ID } =ID =ID123"
3,0,0,0,0,3,4,/ZSYCBV+CMMI10,9.96,48.96,-675.39,116.4,-661.83,-675.39,1453.83,48.96,495.6,"x 1{g, R"
3,0,0,0,0,10,4,/ZSYCBV+CMMI10,9.96,73.32,-676.83,219.92,-665.43,-676.83,1457.43,73.32,392.08,"ID  − P } as its public key. , x"
3,0,0,0,0,53,4,/MNTPMD+NimbusRomNo9L-Regu,9.96,312.0,-817.33,615.86,-759.97,-817.33,1551.97,312.0,-3.86,"will give the detailed security analysis in the future work. IV . A N O N Y M O U S AU T H E N T ICAT IO N S CH E M E F O R IOV Based on the proposed CLSS, we design an anonymous authentication scheme for IoV ."
3,0,0,0,0,3,4,/IXUHUC+NimbusRomNo9L-ReguItal,9.96,312.0,-1012.21,431.55,-1002.24,-1012.21,1794.24,312.0,180.45,A. System Initialization
3,0,0,0,0,9,4,/MNTPMD+NimbusRomNo9L-Regu,9.96,321.96,-1027.69,582.69,-1017.72,-1027.69,1809.72,321.96,29.31,"Given the security parameter l, TCC generates the system"
3,0,0,0,0,39,4,/ZSYCBV+CMMI10,9.96,312.0,-1063.56,600.91,-1029.72,-1063.56,1821.72,312.0,11.09,"public key P  { P , P pub } = { sP, g s} and private keypub =pub12 s according to the method in Section III. Then, it chooses ×ﬁve one-way hash functions H {0, 1} G  Z  H"
3,0,0,0,0,7,8,/VSPXVB+CMR7,6.97,440.04,-1065.96,562.2,-1055.04,-1065.96,1847.04,440.04,49.8,"0 : 2 → 1 :q ,"
3,0,0,0,1,14,4,/ALYVCZ+CMSY10,9.96,312.0,-1075.45,539.4,-1061.88,-1075.45,1853.88,312.0,72.6,"×  × {  ×{0, 1} G Z H {0, 1} 0, 1} G  G"
3,0,0,0,0,9,8,/VSPXVB+CMR7,6.97,362.28,-1077.96,557.88,-1066.92,-1077.96,1858.92,362.28,54.12,"1 → 2 : 1 × 1 ×q ,"
3,0,0,0,1,14,4,/ZSYCBV+CMMI10,9.96,312.0,-1087.45,545.64,-1073.88,-1087.45,1865.88,312.0,66.36,"→  × {  →G Z H {0, 1} Z H {0, 1}0, 1} Z"
3,0,0,0,0,10,8,/VSPXVB+CMR7,6.97,319.8,-1089.96,570.18,-1078.92,-1089.96,1870.92,319.8,41.82,"1 → 3 : 4 :q ,q , q ."
3,0,0,0,0,50,4,/MNTPMD+NimbusRomNo9L-Regu,9.96,312.0,-1361.23,610.88,-1089.48,-1361.23,1881.48,312.0,1.12,"Next, TCC chooses an encryption algorithm based on elliptic curve cryptography (ECC) and a message authentication code function MAC . At the same time, TCC maintains and key() updates two lists: one is the legitimate user list Ls, and the lu other is revocation list of illegal users Ls. rb"
3,0,0,0,0,38,4,/ZSYCBV+CMMI10,9.96,312.0,-1385.23,570.24,-1363.39,-1385.23,2155.39,312.0,41.76,"TCC publishes params  =  { G , G 2 , H 0 , H 1 , H 2 , H 3 , H 4 , 1 P, P pub , q, g, e } as the system parameters."
4,0,0,0,0,20,4,/MNTPMD+NimbusRomNo9L-Regu,9.96,48.96,695.28,337.87,717.24,695.28,74.76,48.96,274.13,RSUs and OBUs submit their registration requests to TCC respectively. Each OBU or RSU in IoV has its own identity
4,0,0,0,0,14,4,/ZSYCBV+CMMI10,9.96,48.96,575.73,358.51,589.29,575.73,202.71,48.96,253.49,"that is unique and is stored into the tamper-proof ID ∈ { 0, 1}"
4,0,0,0,0,16,4,/MNTPMD+NimbusRomNo9L-Regu,9.96,48.96,549.09,307.26,573.81,549.09,218.19,48.96,304.74,"device of it. 1) OBU Registration: An OBU chooses a random x  Zo ∈ q ,"
4,0,0,0,0,13,4,/MNTPMD+NimbusRomNo9L-Regu,9.96,48.96,537.69,306.74,551.37,537.69,240.63,48.96,305.26,"x o , and then computes its partial public key P K g"
4,0,0,0,0,3,8,/IIHOVD+CMMI7,6.97,200.64,536.25,225.36,546.21,536.25,245.79,200.64,386.64,ID 1o =
4,0,0,0,0,13,4,/ZSYCBV+CMMI10,9.96,48.96,525.81,301.14,535.77,525.81,256.23,48.96,310.86,"sends the registration request message req = (ID , P K ID )o1o"
4,0,0,0,0,13,4,/MNTPMD+NimbusRomNo9L-Regu,9.96,48.96,511.41,307.27,523.77,511.41,268.23,48.96,304.73,"to TCC. Then, TCC chooses a random r  ZIDo ∈ q , and"
4,0,0,0,0,54,4,/ZSYCBV+CMMI10,9.96,48.96,476.49,302.46,511.89,476.49,280.11,48.96,309.54,"computes R  r  P , s h r  h s) mod q ,IDo =IDo ·IDo = (0IDo −1 D  { R  IDo , in which h  H (ID , P K ID ),IDo =IDo , s }0 =0o1o h  H (ID , R IDo . Finally, TCC sends D1 =1o )IDo to the OBU"
4,0,0,0,0,4,4,/MNTPMD+NimbusRomNo9L-Regu,9.96,48.96,466.05,158.55,476.01,466.05,315.99,48.96,453.45,via a secure channel.
4,0,0,0,0,17,4,/ZSYCBV+CMMI10,9.96,58.92,452.37,325.47,463.77,452.37,328.23,58.92,286.53,"The OBU sets SK D  o ) as its private key and IDo = (IDo , x"
4,0,0,0,0,12,4,/MNTPMD+NimbusRomNo9L-Regu,9.96,48.96,441.81,352.82,451.77,441.81,340.23,48.96,259.18,"keeps it in secret. Then, it uses its private key to compute"
4,0,0,0,0,12,4,/IIHOVD+CMMI7,9.96,96.0,389.28,291.33,402.72,389.28,389.28,96.0,320.67,", and sends D IDR to RSU via a secure h+s P"
4,0,0,0,0,11,4,/MNTPMD+NimbusRomNo9L-Regu,9.96,48.96,367.2,275.7,390.72,367.2,401.28,48.96,336.3,channel. V eriﬁcation on D  DIDR : RSU veriﬁes IDR by
4,0,0,0,0,16,4,/ZSYCBV+CMMI10,9.96,48.96,355.2,308.78,366.6,355.2,425.4,48.96,303.22,"e(D  3 (ID )P +  P ) = g . If the equation IDR , HRpub1"
4,0,0,0,0,16,4,/MNTPMD+NimbusRomNo9L-Regu,9.96,48.96,332.76,298.9,354.6,332.76,437.4,48.96,313.1,"holds, RSU accepts D IDR . Then RSU applies to TCC for revocation list Ls .rb"
4,0,0,0,0,11,4,/ZSYCBV+CMMI10,9.96,48.96,323.45,254.83,337.01,323.45,454.99,48.96,357.17,"1partial public key P K x , and sets P K"
4,0,0,0,0,6,8,/IIHOVD+CMMI7,6.97,145.2,320.93,281.78,331.97,320.93,460.03,145.2,330.22,ID 3o = IDo =o P
4,0,0,0,0,9,4,/ZSYCBV+CMMI10,9.96,48.96,310.97,260.64,324.65,310.97,467.35,48.96,351.36,"x 1o , RC. Report Uploading{P K, P K"
4,0,0,0,0,18,8,/IIHOVD+CMMI7,6.97,70.32,308.57,309.25,320.93,308.57,471.07,70.32,302.75,"ID , P K ID } = { g  IDo  −  } as its ID1o2o3o , xo P"
4,0,0,0,0,11,4,/MNTPMD+NimbusRomNo9L-Regu,9.96,48.96,296.16,332.89,309.05,296.16,482.95,48.96,279.11,public key. This process can be divided into two phases: pseudonym
4,0,0,0,0,5,4,/MNTPMD+NimbusRomNo9L-Regu,9.96,322.68,295.06,492.04,305.02,295.06,486.98,322.68,119.96,- Compute the following equations:
4,0,0,0,0,13,4,/MNTPMD+NimbusRomNo9L-Regu,9.96,48.96,284.16,277.38,296.81,284.16,495.19,48.96,334.62,V eriﬁcation on D  DIDo : OBU veriﬁes IDo bygeneration and report signing.
4,0,0,0,0,23,4,/ZSYCBV+CMMI10,9.96,48.96,273.53,495.84,286.3,273.53,505.7,48.96,116.16,"h  H (ID , P K ID ) (1)H(ID, R IDoP H(ID, P K ID)R s . 0 =0o1o1o )pub1 =0o1oIDo −IDo P"
4,0,0,0,0,9,4,/IXUHUC+NimbusRomNo9L-ReguItal,9.96,58.92,271.92,208.36,281.88,271.92,510.12,58.92,403.64,"1) Pseudonym Generation: In this part, we introduce a"
4,0,0,0,0,29,4,/ZSYCBV+CMMI10,9.96,48.96,259.92,483.24,272.93,259.92,519.07,48.96,128.76,"If the equation holds, the OBU accepts DIDo as its partial  h  H (ID , R IDo  (2)1 =1o )concept of regional management for RSUs. RSUs in the same"
4,0,0,0,0,10,4,/MNTPMD+NimbusRomNo9L-Regu,9.96,48.96,250.97,367.76,260.93,250.97,531.07,48.96,244.24,"private key; otherwise, the OBU rejects the partial private key"
4,0,0,0,0,13,4,/ZSYCBV+CMMI10,9.96,363.72,243.1,541.56,256.42,243.1,535.58,363.72,70.44,"(3) ′h H(r, T, f, P K ′2 =2IDID3o )2o , P K"
4,0,0,0,0,21,4,/ZSYCBV+CMMI10,9.96,364.2,230.14,551.83,241.54,230.14,550.46,364.2,60.17,"r1 = ( t  · h ) ⊕ h , r 2 = (t · h ) ⊕ h021 2 (4)"
4,0,0,0,0,23,4,/MNTPMD+NimbusRomNo9L-Regu,9.96,48.96,212.86,561.27,236.81,212.86,555.19,48.96,50.73,"After completing the registration of the OBU, TCC adds relevant information to Ls.lu - The signature on report r is calculated as follows:"
4,0,0,0,0,8,4,/IXUHUC+NimbusRomNo9L-ReguItal,9.96,58.92,202.61,248.21,212.57,202.61,579.43,58.92,363.79,2) RSU Registration: On receiving the registration request
4,0,0,0,0,19,4,/ZSYCBV+CMMI10,9.96,48.96,190.61,563.59,204.1,190.61,587.9,48.96,48.41,"=  t (x s  h h ) (P + x P ) (5) oIDo +02opub1req = ID h H(ID),"
4,0,0,0,0,10,8,/IIHOVD+CMMI7,6.97,93.48,189.17,290.64,199.13,189.17,592.87,93.48,321.36,"R from a RSU, TCC computes 3 = 3 R"
4,0,0,0,0,11,4,/ZSYCBV+CMMI10,9.96,48.96,175.54,533.34,188.69,175.54,603.31,48.96,78.66,D  1IDR = - Send the service request message Req  =
4,0,0,0,0,10,4,/RVXYKG+CMR10,9.96,332.04,163.54,437.53,173.5,163.54,618.5,332.04,174.47,"(T, f, σ, r, r 1, r 2) to RSU."
4,0,0,0,0,13,4,/IXUHUC+NimbusRomNo9L-ReguItal,9.96,48.96,141.56,431.55,152.74,141.56,639.26,48.96,180.45,D. Mutual Authenticationarea are equipped with the same public/private key pairs. TC C
4,0,0,0,0,19,4,/MNTPMD+NimbusRomNo9L-Regu,9.96,48.96,126.94,570.36,139.52,126.94,652.48,48.96,41.64,"periodically generates public/private key pairs, and issu es them The RSU can verify the OBU’s identity ID  r ."
4,0,0,0,0,3,8,/IIHOVD+CMMI7,6.97,502.56,125.5,557.35,135.46,125.5,656.54,502.56,54.65,o and report
4,0,0,0,0,60,4,/MNTPMD+NimbusRomNo9L-Regu,9.96,48.96,90.7,620.84,127.52,90.7,664.48,48.96,-8.84,"to RSUs within its range via a wireless secure channel. Similarly, OBU uses the message authentication code functi on When a vehicle enters a new area, it will receive the with the shared session key to authenticate RSU. broadcasted public key from a RSU. If the vehicle wants to 1) RSU V eriﬁes OBU: On receiving the service request Req"
4,0,0,0,0,19,4,/MNTPMD+NimbusRomNo9L-Regu,9.96,312.0,66.82,590.95,88.66,66.82,703.34,312.0,21.05,"from OBU, RSU ﬁrst checks the validity of the time stamp T . Then, it authenticates OBU as follows:"
4,0,0,0,0,18,4,/ZSYCBV+CMMI10,9.96,322.68,48.58,529.32,62.26,48.58,729.74,322.68,82.68,"- Compute h  H (r, T, f, P K ′  ′ ; 2 =2IDID2o , P K3o )"
4,0,0,0,0,3,4,/MNTPMD+NimbusRomNo9L-Regu,9.96,322.68,40.3,367.51,50.26,40.3,741.74,322.68,244.49,- Compute h
4,0,0,0,0,6,4,/ZSYCBV+CMMI10,9.96,377.76,1.34,436.8,13.7,1.34,778.3,377.76,175.2,"r  h , h1 ⊕20 ="
4,0,0,0,0,12,4,/MNTPMD+NimbusRomNo9L-Regu,9.96,48.96,-24.92,342.86,-14.95,-24.92,806.95,48.96,269.14,"enjoy the service provided by this RSU, it needs to send a"
4,0,0,0,0,6,4,/VSPXVB+CMR7,9.96,438.6,-35.22,497.64,-22.86,-35.22,814.86,438.6,114.36,r  h ; 2 ⊕21 =
4,0,0,0,0,15,4,/IIHOVD+CMMI7,9.96,322.68,-47.46,557.76,-34.74,-47.46,826.74,322.68,54.24,- V erify the signature via the equation P P Kpub2 · ID 1o =
4,0,0,0,0,3,4,/ZSYCBV+CMMI10,9.96,332.04,-56.7,360.48,-46.74,-56.7,838.74,332.04,251.52,"e(σ, h ′"
4,0,0,0,0,4,8,/ZSYCBV+CMMI10,6.97,356.16,-95.31,408.24,-82.58,-95.31,874.58,356.16,203.76,P K  h0ID2o −
4,0,0,0,0,4,8,/ZSYCBV+CMMI10,6.97,414.0,-131.15,453.84,-118.43,-131.15,910.43,414.0,158.16,P ′  h1pub1 +
4,0,0,0,0,12,4,/MNTPMD+NimbusRomNo9L-Regu,9.96,48.96,-144.47,357.8,-134.51,-144.47,926.51,48.96,254.2,"access report to the RSU. Then, it utilizes the public key to"
4,0,0,0,0,6,4,/ZSYCBV+CMMI10,9.96,459.6,-164.23,525.72,-154.27,-164.23,946.27,459.6,86.28,h P K ) · h20ID3o
4,0,0,0,0,11,4,/IXUHUC+NimbusRomNo9L-ReguItal,9.96,321.96,-214.48,481.36,-204.51,-214.48,996.51,321.96,130.64,"2) OBU V eriﬁes RSU: In contrast, OBU also needs to"
4,0,0,0,0,12,4,/MNTPMD+NimbusRomNo9L-Regu,9.96,312.0,-240.88,591.67,-216.51,-240.88,1008.51,312.0,20.33,authenticate RSU. - RSU uses its private key to decrypt OBU’s pseudonym:
4,0,0,0,0,11,4,/RVXYKG+CMR10,9.96,332.04,-252.88,587.32,-242.91,-252.88,1034.91,332.04,24.68,"(r ID ) = D (f). Next, it extracts OBU’s identityosk"
4,0,0,0,0,24,4,/ZSYCBV+CMMI10,9.96,48.96,-266.32,563.71,-254.06,-266.32,1046.06,48.96,48.29,"generate a pseudonym f = E (r ID ) from user’s each  . Then, RSU retrieves ID  Ls . If LsIDpkooo inrb rb contains"
4,0,0,0,0,30,4,/MNTPMD+NimbusRomNo9L-Regu,9.96,48.96,-291.16,623.77,-265.94,-291.16,1057.94,48.96,-11.77,"report r . ID , the authentication and service are terminated. After o 2) Report Signing: OBU performs the following steps to  obtaining OBU’s real identity, RSU computes hIDo ="
4,0,0,0,0,18,4,/ZSYCBV+CMMI10,9.96,48.96,-302.08,560.54,-290.3,-302.08,1082.3,48.96,51.46,"complete report signing:  H (ID ), key =  H (h  R ), mac =  MAC3o4IDo , ID key"
4,0,0,0,0,20,4,/RVXYKG+CMR10,9.96,59.64,-314.66,574.92,-302.67,-314.66,1094.67,59.64,37.08,"(h , and sends the message authentication code macIDo )- Obtain a current time stamp T ∈ { 0, 1};"
4,0,0,0,0,14,4,/MNTPMD+NimbusRomNo9L-Regu,9.96,59.64,-326.54,371.89,-314.67,-326.54,1106.67,59.64,240.11,"to OBU; - Choose a random t ∈ { 0, 1}, compute P K"
4,0,0,0,0,19,4,/ZSYCBV+CMMI10,9.96,69.0,-338.54,523.29,-326.55,-338.54,1118.55,69.0,88.71,"- Upon receiving mac  from RSU, OBU computes{P K, P K ′, P K ′} = {thP K, 0ID1o"
4,0,0,0,0,6,8,/IIHOVD+CMMI7,6.97,90.36,-338.31,188.29,-331.34,-338.31,1123.34,90.36,423.71,ID 1o ID 2o ID 3o
4,0,0,0,0,10,8,/ZSYCBV+CMMI10,6.97,69.0,-350.54,337.02,-338.55,-350.54,1130.55,69.0,274.98,"htP K, tP K ID}, P ′ tP, and broadcastID2o3opub1"
4,0,0,0,0,3,8,/IIHOVD+CMMI7,6.97,170.64,-353.3,192.84,-343.34,-353.3,1135.34,170.64,419.16,pub 1 =
4,0,0,0,0,13,8,/IIHOVD+CMMI7,6.97,69.0,-365.3,348.11,-352.46,-365.3,1144.46,69.0,263.89,P K  P  ′ID1o andpub 1 to the other entities within its range;
4,0,0,0,0,7,4,/RVXYKG+CMR10,9.96,358.56,-386.51,556.8,-372.95,-386.51,1164.95,358.56,55.2,"=  = H(ID), key H(h R), mac"
4,0,0,0,0,7,8,/IIHOVD+CMMI7,6.97,337.8,-390.23,502.39,-377.99,-390.23,1169.99,337.8,109.61,"3 o 4 IDo , IDIDo ="
4,0,0,0,0,9,4,/MNTPMD+NimbusRomNo9L-Regu,9.96,401.52,-436.5,575.72,-422.82,-436.5,1214.82,401.52,36.28,"is equal to the , and checks if mac"
4,0,0,0,0,3,8,/IIHOVD+CMMI7,6.97,382.56,-440.1,403.08,-429.18,-440.1,1221.18,382.56,208.92,ID o )
4,0,0,0,0,11,4,/MNTPMD+NimbusRomNo9L-Regu,9.96,332.04,-460.38,588.65,-438.42,-460.38,1230.42,332.04,23.35,"received mac . If both values are equivalent, RSU is authenticated."
4,0,0,0,0,5,4,/IXUHUC+NimbusRomNo9L-ReguItal,9.96,312.0,-481.14,416.61,-471.18,-481.14,1263.18,312.0,195.39,E. V ehicle T racking
4,0,0,0,0,55,4,/MNTPMD+NimbusRomNo9L-Regu,9.96,312.0,-664.41,640.76,-487.02,-664.41,1279.02,312.0,-28.76,"If a vehicle broadcasts the false message, the prosecutor wi ll send the vehicle’s service request message Req to TBA. TBA ﬁrst conﬁrms whether the vehicle is malicious. If the vehicl e has malicious behavior, TBA sends the request message Req and relevant evidence to TCC. Then, TCC can reveal real OBU’s identity as follows:"
4,0,0,0,0,56,4,/MNTPMD+NimbusRomNo9L-Regu,9.96,326.88,-845.05,620.17,-668.85,-845.05,1460.85,326.88,-8.17,"- TCC ﬁnds the corresponding RSU that provides service for the dishonest vehicle according to the vehicle location information provided by TBA. - TCC obtains the exact time of the dispute by checking the time stamp T in the service request message Req . - TCC ﬁnds the public/private key pair (pk, sk ) that the"
4,0,0,0,0,11,4,/ZSYCBV+CMMI10,9.96,336.24,-857.05,559.08,-847.09,-857.05,1639.09,336.24,52.92,"dispute used. Then, it computes D(f) = (r ID ). sko"
4,0,0,0,0,10,4,/MNTPMD+NimbusRomNo9L-Regu,9.96,326.88,-870.37,540.42,-858.97,-870.37,1650.97,326.88,71.58,- RSU extracts the OBU’s identity ID  Req .o from
5,0,0,0,0,14,4,/MNTPMD+NimbusRomNo9L-Regu,9.96,63.96,723.12,557.52,736.68,723.12,55.32,63.96,54.48,T ABLE II Comparisons on Computation Overhead- TCC adds the dishonest vehicle identity ID
5,0,0,0,0,3,8,/IIHOVD+CMMI7,6.97,259.2,721.68,309.01,731.64,721.68,60.36,259.2,302.99,o into the
5,0,0,0,0,31,4,/MNTPMD+NimbusRomNo9L-Regu,9.96,63.96,685.63,363.06,721.08,685.63,70.92,63.96,248.94,"revocation list Ls , and updates it. rb Schemes - TCC sends the malicious vehicle’s identity to TBA  HHC [28] via a secure channel. Then, TBA records the dishonest HTH [31]"
5,0,0,0,0,6,6,/MNTPMD+NimbusRomNo9L-Regu,7.97,326.52,650.23,366.37,681.84,650.23,110.16,326.52,245.63,THSW [32] CCL [33] Our Scheme
5,0,0,0,0,4,11,/LKMTAU+ArialMT,5.34,350.48,578.41,404.25,604.58,578.41,187.42,350.48,207.75,250  Total Time 200
5,0,0,0,0,6,4,/MNTPMD+NimbusRomNo9L-Regu,9.96,73.2,568.88,337.21,578.84,568.88,213.16,73.2,274.79,vehicle’s behavior and implements corresponding pun-
5,0,0,0,0,3,10,/LKMTAU+ArialMT,5.88,347.57,528.63,409.28,534.51,528.63,257.49,347.57,202.72,Time consumption (ms)
5,0,0,0,0,6,11,/LKMTAU+ArialMT,5.34,377.78,489.43,492.65,494.77,489.43,297.23,377.78,119.35,HHC[28] HTH[31] THSW[32] CCL[33] Our Scheme
5,0,0,0,0,4,4,/MNTPMD+NimbusRomNo9L-Regu,9.96,385.8,461.52,500.37,471.48,461.52,320.52,385.8,111.63,Fig. 4 Time consumption
5,0,0,0,1,30,4,/MNTPMD+NimbusRomNo9L-Regu,9.96,49.2,429.05,306.95,439.01,429.05,352.99,49.2,305.05,V . S E CU RIT Y A NA LY S IS A N D P E RF O RM A N CE E V A L UAT IO N
5,0,0,0,0,4,4,/IXUHUC+NimbusRomNo9L-ReguItal,9.96,312.0,425.04,441.51,435.0,425.04,357.0,312.0,170.49,B. P erformance Evaluation
5,0,0,0,0,3,4,/IXUHUC+NimbusRomNo9L-ReguItal,9.96,48.96,412.85,148.59,422.81,412.85,369.19,48.96,463.41,A. Security Analysis
5,0,0,0,0,9,4,/MNTPMD+NimbusRomNo9L-Regu,9.96,321.96,406.8,605.9,416.76,406.8,375.24,321.96,6.1,"Due to lack of completely similar schemes for comparing,"
5,0,0,0,0,37,4,/MNTPMD+NimbusRomNo9L-Regu,9.96,48.96,382.8,625.82,407.09,382.8,384.91,48.96,-13.82,"In this section, we analyze the security properties of the we brieﬂy test the essential cryptographic operations inst ead anonymous authentication scheme in the following respects .of the whole scheme, which will not distort the results if"
5,0,0,0,0,10,4,/IXUHUC+NimbusRomNo9L-ReguItal,9.96,58.92,372.89,258.17,382.85,372.89,409.15,58.92,353.83,"1) OBU Anonymity: In our scheme, the OBU’s real identity"
5,0,0,0,0,15,4,/ZSYCBV+CMMI10,9.96,48.96,361.01,316.52,370.97,361.01,421.03,48.96,295.48,is converted into the pseudonym f = E (r ID ) that is not pko
5,0,0,0,0,29,4,/MNTPMD+NimbusRomNo9L-Regu,9.96,48.96,325.13,357.8,358.97,325.13,433.03,48.96,254.2,"managed by any third party. The report r makes each OBU’s pseudonym one-time, so adversaries cannot distinguish if t wo different pseudonyms come from a same vehicle. Moreover, it"
5,0,0,0,0,9,4,/MNTPMD+NimbusRomNo9L-Regu,9.96,312.0,264.44,595.94,274.4,264.44,517.6,312.0,16.06,performance evaluation. W e compare our scheme with four
5,0,0,0,1,1,19,/LKMTAU+ArialMT,4.37,380.21,232.62,395.51,236.99,232.62,555.01,380.21,216.49,HHC[28]
5,0,0,0,1,1,19,/LKMTAU+ArialMT,4.37,357.14,224.71,395.51,230.98,224.71,561.02,357.14,216.49,HTH[31]7
5,0,0,0,1,1,19,/LKMTAU+ArialMT,4.37,380.21,220.59,397.69,224.97,220.59,567.03,380.21,214.31,THSW[32]
5,0,0,0,0,10,19,/LKMTAU+ArialMT,4.37,48.96,205.58,395.51,218.96,205.58,573.04,48.96,216.49,CCL[33]is intractable for adversaries to reveal OBU’s actual ident ity
5,0,0,0,0,3,16,/LKMTAU+ArialMT,4.86,357.14,208.57,402.06,213.95,208.57,578.05,357.14,209.94,6  Our Scheme
5,0,0,0,0,10,4,/MNTPMD+NimbusRomNo9L-Regu,9.96,48.96,193.58,334.18,203.54,193.58,588.46,48.96,277.82,"without RSU’s private key sk. Furthermore, the public key of"
5,0,0,0,0,11,4,/MNTPMD+NimbusRomNo9L-Regu,9.96,48.96,181.7,332.9,191.66,181.7,600.34,48.96,279.1,"a vehicle would be different after multiplied by a random t,"
5,0,0,0,0,14,16,/LKMTAU+ArialMT,4.86,48.96,169.7,361.99,182.71,169.7,609.29,48.96,250.01,4 so none of the public keys can be linked to the same vehicle.
5,0,0,0,0,27,4,/MNTPMD+NimbusRomNo9L-Regu,9.96,48.96,144.89,625.82,167.54,144.89,624.46,48.96,-13.82,"In the proposed scheme, any third party cannot obtain  3 OBU’s real identity, so our scheme realizes the anonymity existing schemes [28], [31]–[33] via experimental simulat ion."
5,0,0,0,0,15,4,/MNTPMD+NimbusRomNo9L-Regu,9.96,312.0,133.01,595.94,142.97,133.01,649.03,312.0,16.06,The simulation environment is Linux Ubuntu 16.04 L TS on Time consumption on verification (s)
5,0,0,0,0,3,6,/MNTPMD+NimbusRomNo9L-Regu,7.97,126.84,116.71,361.99,138.36,116.71,653.64,126.84,250.01,Operations 1 Pairing
5,0,0,0,0,12,16,/LKMTAU+ArialMT,4.86,119.28,104.95,433.39,115.19,104.95,676.81,119.28,178.61,0 5 10 15 20 25 30 35 40 45 50Map-T o-Point
5,0,0,0,0,4,11,/LKMTAU+ArialMT,5.34,412.63,102.44,471.4,107.79,102.44,684.21,412.63,140.6,The number of vehicles
5,0,0,0,0,11,4,/MNTPMD+NimbusRomNo9L-Regu,9.96,117.36,81.12,600.62,91.08,81.12,700.92,117.36,11.38,Fig. 5 Time consumption on veriﬁcation vs. the number of Exponentiation
5,0,0,0,0,43,4,/MNTPMD+NimbusRomNo9L-Regu,9.96,48.96,1.46,615.86,37.19,1.46,754.81,48.96,-3.86,"of the OBU. 2) Non-repudiation: OBU cannot deny the behavior of sub-  an Intel Atom N450 1 . 66GHz ×  2  processor. W e list the mitting some messages, because the service request messagerunning time of the basic cryptographic operations in T able"
5,0,0,0,0,25,6,/MNTPMD+NimbusRomNo9L-Regu,7.97,0.0,-7.97,107.6,0.0,-7.97,792.0,0.0,504.4,Time(ms) 11.88  23.34  10.06  10.09 Sign V erify Map-T o-Point 1H+1M 1H+2PP+2M YES  2H+2M 3H+4PP+1M YES  1H+1E 1H+4PP YES  1M 1H+2PP+2M YES  2M 1PP+3M NO
5,0,0,0,0,36,4,/MNTPMD+NimbusRomNo9L-Regu,9.96,48.96,-139.37,605.9,-105.41,-139.37,897.41,48.96,6.1,"Req includes OBU’s pseudonym f . RSU can discover OBU  I. T able II shows the comparisons on computation overhead actual identity by computing D (f) with its private key. sk Therefore, non-repudiation property is satisﬁed."
5,0,0,0,0,11,4,/IXUHUC+NimbusRomNo9L-ReguItal,9.96,58.92,-151.61,213.34,-141.65,-151.61,933.65,58.92,398.66,"3) The Security of Session Key: In our scheme, the session"
5,0,0,0,0,11,4,/MNTPMD+NimbusRomNo9L-Regu,9.96,48.96,-163.49,342.86,-153.53,-163.49,945.53,48.96,269.14,key is a hash value that combines OBU’s real identity with
5,0,0,0,0,20,4,/MNTPMD+NimbusRomNo9L-Regu,9.96,312.0,-248.45,615.86,-226.49,-248.45,1018.49,312.0,-3.86,"among different schemes. Let M denote multiplication in G, 1 H denote the Map-T o-Point operation, PP denote the bilinear"
5,0,0,0,0,42,4,/MNTPMD+NimbusRomNo9L-Regu,9.96,48.96,-318.92,372.74,-273.08,-318.92,1065.08,48.96,239.26,"RSU’s identity. The security of the session key depends on th e security of OBU’s identity. According to the aforementione d analysis, we ﬁnd that OBU’s real identity is secure. Therefo re, the proposed scheme can guarantee that no third party can"
5,0,0,0,0,11,4,/MNTPMD+NimbusRomNo9L-Regu,9.96,312.0,-366.81,546.53,-356.84,-366.81,1148.84,312.0,65.47,"pairing in G , and E denote the exponentiation in G.12"
5,0,0,0,0,4,4,/MNTPMD+NimbusRomNo9L-Regu,9.96,48.96,-437.28,163.53,-427.32,-437.28,1219.32,48.96,448.47,obtain the session key.
5,0,0,0,0,8,4,/IXUHUC+NimbusRomNo9L-ReguItal,9.96,58.92,-449.52,203.38,-439.56,-449.52,1231.56,58.92,408.62,4) Mutual Authentication: RSU can authenticate OBU by
5,0,0,0,0,23,4,/MNTPMD+NimbusRomNo9L-Regu,9.96,48.96,-581.07,332.9,-451.56,-581.07,1243.56,48.96,279.1,"verifying the CLSS signature of OBU. In our scheme, only OBU and RSU know OBU’s real identity ID , so the session o"
5,0,0,0,0,16,4,/ZSYCBV+CMMI10,9.96,48.96,-594.39,316.48,-582.99,-594.39,1374.99,48.96,295.52,"key key =  H (h  R ) is only shared between OBU and 4IDo , ID"
5,0,0,0,0,27,4,/MNTPMD+NimbusRomNo9L-Regu,9.96,48.96,-628.83,337.43,-594.99,-628.83,1386.99,48.96,274.57,"RSU. OBU can verify RSU by checking if the computed mac is equal to the received mac. Therefore, mutual authentication between the OBU and RSU is achieved."
5,0,0,0,0,10,4,/IXUHUC+NimbusRomNo9L-ReguItal,9.96,58.92,-641.07,213.34,-631.11,-641.07,1423.11,58.92,398.66,"5) Resistant to Replay Attacks: In our scheme, current time"
5,0,0,0,0,43,4,/MNTPMD+NimbusRomNo9L-Regu,9.96,48.96,-688.95,343.08,-643.11,-688.95,1435.11,48.96,268.92,"stamp T  ensures the freshness of reports. On receiving the OBU’s service request message Req , RSU ﬁrst checks if the time stamp T is expired. If it is, RSU rejects to accept the OBU’s request. Thus, our scheme can resist replay attacks."
5,0,0,0,0,8,4,/MNTPMD+NimbusRomNo9L-Regu,9.96,82.2,-710.07,286.43,-700.11,-710.07,1492.11,82.2,325.57,T ABLE I Running Time of Basic Operations
6,0,0,0,0,146,4,/MNTPMD+NimbusRomNo9L-Regu,9.96,48.96,-206.16,362.78,733.08,-206.16,58.92,48.96,249.22,"In the signing phase, our scheme only requires two scalar multiplications in G. In the phase of veriﬁcation, it requires 1 one pairing operation and three scalar multiplications. Fi g. 4 shows the time consumption on signing, veriﬁcation and total time of these schemes. Our scheme takes the least time overhead. Fig. 5 shows the trend of the time consumption on veriﬁcation with the increase of the number of vehicles. When a large number of vehicles enter the RSU’s range, our scheme can provides quicker veriﬁcation compared to the oth er schemes. Based on test experience, in general, the energy overhead on communication is only about one-thousandth or less of tha t on computation, so the communication overhead is ignored in the assessment process. Therefore, as a whole, our scheme achieves better performance than the other selected scheme s. It is more suitable for IoV scenarios."
6,0,0,0,1,2,4,/MNTPMD+NimbusRomNo9L-Regu,9.96,130.44,-227.52,205.16,-217.55,-227.52,1009.55,130.44,406.84,VI. CONCLUSION
6,0,0,0,0,76,4,/MNTPMD+NimbusRomNo9L-Regu,9.96,48.96,-875.8,372.75,-234.59,-875.8,1026.59,48.96,239.25,"In this paper, we proposed an anonymous mutual authentication scheme based on a certiﬁcateless short signature for the vehicles and RSUs in IoV . The scheme is existentially unforgeable under adaptive chosen message attack in random oracle model. The security analysis shows that the proposed mutual authentication scheme can simultaneously achieve privacy preservation and traceability of vehicles , that is conditional anonymity. Moreover, compared to the existi ng schemes, our scheme has lower computation overhead and"
6,0,0,0,0,22,6,/MNTPMD+NimbusRomNo9L-Regu,7.97,315.96,-882.78,630.78,-874.81,-882.78,1666.81,315.96,-18.78,"[9] Y . Xiao, V . K. Rayi, B. Sun, X. Du, F . Hu, and M. Galloway , “ A survey"
6,0,0,0,0,10,6,/MNTPMD+NimbusRomNo9L-Regu,7.97,330.24,-891.78,553.4,-883.81,-891.78,1675.81,330.24,58.6,"of key management schemes in wireless sensor networks, ” Computer"
6,0,0,0,0,8,6,/IXUHUC+NimbusRomNo9L-ReguItal,7.97,330.24,-900.66,553.44,-892.69,-900.66,1684.69,330.24,58.56,"communications, vol. 30, no. 11-12, pp. 2314–2341, 2007."
6,0,0,0,0,16,6,/MNTPMD+NimbusRomNo9L-Regu,7.97,312.0,-910.63,606.9,-902.66,-910.63,1694.66,312.0,5.1,"[10] Y . Hui, Z. Su, and S. Guo, “Utility based data computing s cheme to"
6,0,0,0,0,11,6,/MNTPMD+NimbusRomNo9L-Regu,7.97,330.24,-919.5,521.52,-911.53,-919.5,1703.53,330.24,90.48,"provide sensing service in internet of things, ” IEEE Transactions on"
6,0,0,0,0,7,6,/IXUHUC+NimbusRomNo9L-ReguItal,7.97,330.24,-928.5,445.81,-920.53,-928.5,1712.53,330.24,166.19,"Emerging T opics in Computing , 2017."
6,0,0,0,0,18,6,/MNTPMD+NimbusRomNo9L-Regu,7.97,312.0,-938.35,610.88,-930.37,-938.35,1722.37,312.0,1.12,"[11] X. Du, Y . Xiao, M. Guizani, and H. H. Chen, “ An effective k ey man-"
6,0,0,0,0,18,6,/MNTPMD+NimbusRomNo9L-Regu,7.97,330.24,-956.35,533.48,-939.37,-956.35,1731.37,330.24,78.52,"agement scheme for heterogeneous sensor networks, ” Ad Hoc Networks , vol. 5, no. 1, pp. 24–34, 2007."
6,0,0,0,0,19,6,/MNTPMD+NimbusRomNo9L-Regu,7.97,312.0,-966.18,618.85,-958.21,-966.18,1750.21,312.0,-6.85,"[12] X. Huang, J. K. Liu, S. T ang, Y . Xiang, K. Liang, L. Xu, and J. Zhou,"
6,0,0,0,0,22,6,/MNTPMD+NimbusRomNo9L-Regu,7.97,330.24,-984.18,593.25,-967.21,-984.18,1759.21,330.24,18.75,"“Cost-effective authentic and anonymous data sharing with forward security , ” IEEE Transactions on computers , vol. 64, no. 4, pp. 971–983,"
6,0,0,0,0,10,6,/MNTPMD+NimbusRomNo9L-Regu,7.97,48.96,-995.35,354.15,-985.09,-995.35,1777.09,48.96,257.85,2015. achieves higher efﬁciency. So it is an efﬁcient conditional
6,0,0,0,0,16,6,/MNTPMD+NimbusRomNo9L-Regu,7.97,312.0,-1003.03,610.88,-995.06,-1003.03,1787.06,312.0,1.12,"[13] Y . Xiao, X. Du, J. Zhang, F . Hu, and S. Guizani, “Internet protocol"
6,0,0,0,0,11,6,/MNTPMD+NimbusRomNo9L-Regu,7.97,330.24,-1011.9,641.07,-1003.93,-1011.9,1795.93,330.24,-29.07,"television (iptv): the killer application for the next-gen eration internet, ”"
6,0,0,0,0,11,6,/IXUHUC+NimbusRomNo9L-ReguItal,7.97,330.24,-1020.9,485.66,-1012.93,-1020.9,1804.93,330.24,126.34,"IEEE Communications Magazine , vol. 45, no. 11, pp. 126–134, 2007."
6,0,0,0,0,17,6,/MNTPMD+NimbusRomNo9L-Regu,7.97,312.0,-1030.75,618.85,-1022.77,-1030.75,1814.77,312.0,-6.85,"[14] X. Du, M. Guizani, Y . Xiao, and H. H. Chen, “Secure and efﬁ cient time"
6,0,0,0,0,8,6,/MNTPMD+NimbusRomNo9L-Regu,7.97,330.24,-1039.75,533.48,-1031.77,-1039.75,1823.77,330.24,78.52,"synchronization in heterogeneous sensor networks, ” IEEE transactions"
6,0,0,0,0,11,6,/IXUHUC+NimbusRomNo9L-ReguItal,7.97,330.24,-1048.75,489.64,-1040.77,-1048.75,1832.77,330.24,122.36,"on vehicular technology , vol. 57, no. 4, pp. 2387–2394, 2008."
6,0,0,0,0,15,6,/MNTPMD+NimbusRomNo9L-Regu,7.97,312.0,-1058.58,618.85,-1050.61,-1058.58,1842.61,312.0,-6.85,"[15] F . Hu, X. Cao, and C. May , “Optimized scheduling for data aggregation"
6,0,0,0,0,11,6,/MNTPMD+NimbusRomNo9L-Regu,7.97,330.24,-1067.58,481.67,-1059.61,-1067.58,1851.61,330.24,130.33,"in wireless sensor networks, ” in Proc. of International Conference on"
6,0,0,0,0,10,6,/IXUHUC+NimbusRomNo9L-ReguItal,7.97,330.24,-1076.58,509.57,-1068.61,-1076.58,1860.61,330.24,102.43,"Information T echnology: Coding and Computing , 2005, pp. 557–561."
6,0,0,0,0,15,6,/MNTPMD+NimbusRomNo9L-Regu,7.97,312.0,-1086.43,582.98,-1078.46,-1086.43,1870.46,312.0,29.02,"[16] X. Du and H. H. Chen, “Security in wireless sensor networ ks, ” IEEE"
6,0,0,0,0,11,6,/IXUHUC+NimbusRomNo9L-ReguItal,7.97,330.24,-1095.43,473.7,-1087.46,-1095.43,1879.46,330.24,138.3,"W ireless Communications , vol. 15, no. 4, pp. 60–66, 2008."
6,0,0,0,0,17,6,/MNTPMD+NimbusRomNo9L-Regu,7.97,312.0,-1105.27,602.91,-1097.3,-1105.27,1889.3,312.0,9.09,"[17] J. Zhang, X. Chen, Y . Xiang, W . Zhou, and J. Wu, “Robust ne twork"
6,0,0,0,0,16,6,/MNTPMD+NimbusRomNo9L-Regu,7.97,48.96,-1114.91,473.7,-1104.94,-1114.91,1896.94,48.96,138.3,"anonymous authentication solution for IoV scenes.  trafﬁc classiﬁcation, ” IEEE/ACM Transactions on Networking , vol. 23,"
6,0,0,0,0,5,6,/MNTPMD+NimbusRomNo9L-Regu,7.97,330.24,-1123.15,441.82,-1115.18,-1123.15,1907.18,330.24,170.18,"no. 4, pp. 1257–1270, 2015."
6,0,0,0,0,28,6,/MNTPMD+NimbusRomNo9L-Regu,7.97,131.04,-1136.27,626.82,-1125.14,-1136.27,1917.14,131.04,-14.82,"[18] X. Du, M. Guizani, Y . Xiao, and H. H. Chen, “ A routing-dri ven elliptic ACK N OW L E D G M E N T"
6,0,0,0,0,9,6,/MNTPMD+NimbusRomNo9L-Regu,7.97,330.24,-1141.99,593.25,-1134.02,-1141.99,1926.02,330.24,18.75,curve cryptography based key management scheme for heterog eneous
6,0,0,0,0,19,6,/MNTPMD+NimbusRomNo9L-Regu,7.97,58.92,-1153.31,513.55,-1143.02,-1153.31,1935.02,58.92,98.45,"sensor networks, ” IEEE Transactions on W ireless Communications , This work is supported by Natural Science Basic Research"
6,0,0,0,0,16,6,/MNTPMD+NimbusRomNo9L-Regu,7.97,48.96,-1165.19,473.7,-1152.02,-1165.19,1944.02,48.96,138.3,"vol. 8, no. 3, pp. 1223–1229, 2009. Plan in Shaanxi Province of China (No. 2016JM6057), the"
6,0,0,0,0,19,6,/MNTPMD+NimbusRomNo9L-Regu,7.97,312.0,-1169.83,618.85,-1161.86,-1169.83,1953.86,312.0,-6.85,"[19] Y . W ang, S. W en, Y . Xiang, and W . Zhou, “Modeling the prop agation"
6,0,0,0,0,12,6,/MNTPMD+NimbusRomNo9L-Regu,7.97,330.24,-1178.83,465.73,-1170.86,-1178.83,1962.86,330.24,146.27,"of worms in networks: A survey , ” IEEE Communications Surveys &"
6,0,0,0,0,8,6,/IXUHUC+NimbusRomNo9L-ReguItal,7.97,330.24,-1187.71,506.25,-1179.74,-1187.71,1971.74,330.24,105.75,"Tutorials, vol. 16, no. 2, pp. 942–960, 2014."
6,0,0,0,0,15,6,/MNTPMD+NimbusRomNo9L-Regu,7.97,312.0,-1197.67,590.96,-1189.7,-1197.67,1981.7,312.0,21.04,"[20] S. Y u, G. Gu, A. Barnawi, S. Guo, and I. Stojmenovic, “Mal ware"
6,0,0,0,0,9,6,/MNTPMD+NimbusRomNo9L-Regu,7.97,330.24,-1206.55,481.67,-1198.58,-1206.55,1990.58,330.24,130.33,"propagation in large-scale networks, ” IEEE Transactions on Knowledge"
6,0,0,0,0,11,6,/IXUHUC+NimbusRomNo9L-ReguItal,7.97,330.24,-1215.55,481.67,-1207.58,-1215.55,1999.58,330.24,130.33,"and Data Engineering , vol. 27, no. 1, pp. 170–179, 2015."
6,0,0,0,0,17,6,/MNTPMD+NimbusRomNo9L-Regu,7.97,312.0,-1225.51,622.84,-1217.54,-1225.51,2009.54,312.0,-10.84,"[21] S. Y u, G. W ang, and W . Zhou, “Modeling malicious activit ies in cyber"
6,0,0,0,0,12,6,/MNTPMD+NimbusRomNo9L-Regu,7.97,330.24,-1234.39,499.14,-1226.42,-1234.39,2018.42,330.24,112.86,"space, ” IEEE network , vol. 29, no. 6, pp. 83–87, 2015."
6,0,0,0,0,17,6,/MNTPMD+NimbusRomNo9L-Regu,7.97,312.0,-1244.35,618.85,-1236.38,-1244.35,2028.38,312.0,-6.85,"[22] S. Y u, S. Guo, and I. Stojmenovic, “Fool me if you can: Mim icking at-"
6,0,0,0,0,18,6,/MNTPMD+NimbusRomNo9L-Regu,7.97,330.24,-1262.23,485.66,-1245.26,-1262.23,2037.26,330.24,126.34,"tacks and anti-attacks in cyberspace, ” IEEE Transactions on Computers , vol. 64, no. 1, pp. 139–151, 2015."
6,0,0,0,0,17,6,/MNTPMD+NimbusRomNo9L-Regu,7.97,312.0,-1272.07,606.89,-1264.1,-1272.07,2056.1,312.0,5.11,"[23] K. Manandhar, X. Cao, F . Hu, and Y . Liu, “Detection of fau lts and"
6,0,0,0,0,20,6,/MNTPMD+NimbusRomNo9L-Regu,7.97,48.96,-1284.74,621.15,-1273.1,-1284.74,2065.1,48.96,-9.15,attacks including false data injection attack in smart grid using kalman 111 Project (B08038) and Collaborative Innovation Center o f
6,0,0,0,0,14,6,/MNTPMD+NimbusRomNo9L-Regu,7.97,330.24,-1290.07,521.52,-1282.1,-1290.07,2074.1,330.24,90.48,"ﬁlter, ” IEEE transactions on control of network systems , vol. 1, no. 4,"
6,0,0,0,0,8,4,/MNTPMD+NimbusRomNo9L-Regu,9.96,48.96,-1296.74,352.82,-1286.77,-1296.74,2078.77,48.96,259.18,Information Sensing and Understanding at Xidian Universit y.
6,0,0,0,0,3,6,/MNTPMD+NimbusRomNo9L-Regu,7.97,330.24,-1298.95,405.96,-1290.98,-1298.95,2082.98,330.24,206.04,"pp. 370–379, 2014."
6,0,0,0,0,15,6,/MNTPMD+NimbusRomNo9L-Regu,7.97,312.0,-1308.91,602.91,-1300.94,-1308.91,2092.94,312.0,9.09,"[24] J. Liu, S. Zhang, W . Sun, and Y . Shi, “In-vehicle network attacks"
6,0,0,0,0,18,6,/MNTPMD+NimbusRomNo9L-Regu,7.97,146.64,-1318.1,553.4,-1308.13,-1318.1,2100.13,146.64,58.6,"R E F E RE N CE S  and countermeasures: Challenges and future directions, ” IEEE Network ,"
6,0,0,0,0,7,6,/MNTPMD+NimbusRomNo9L-Regu,7.97,330.24,-1326.79,461.75,-1318.82,-1326.79,2110.82,330.24,150.25,"vol. 31, no. 5, pp. 50–58, 2017."
6,0,0,0,0,16,6,/MNTPMD+NimbusRomNo9L-Regu,7.97,52.92,-1332.78,347.81,-1324.81,-1332.78,2116.81,52.92,264.19,"[1] M. Gerla, E. K. Lee, G. Pau, and U. Lee, “Internet of Vehicl es: From"
6,0,0,0,0,15,6,/MNTPMD+NimbusRomNo9L-Regu,7.97,312.0,-1336.63,614.86,-1328.66,-1336.63,2120.66,312.0,-2.86,"[25] W . Sun, J. Liu, and H. Zhang, “When smart wearables meet i ntelligent"
6,0,0,0,0,12,6,/MNTPMD+NimbusRomNo9L-Regu,7.97,67.2,-1341.78,314.27,-1333.81,-1341.78,2125.81,67.2,297.73,"intelligent grid to autonomous cars and vehicular clouds, ” in Proc. of"
6,0,0,0,0,9,6,/MNTPMD+NimbusRomNo9L-Regu,7.97,330.24,-1345.63,509.57,-1337.66,-1345.63,2129.66,330.24,102.43,"vehicles: challenges and future directions, ” IEEE wireless communica-"
6,0,0,0,0,14,6,/IXUHUC+NimbusRomNo9L-ReguItal,7.97,67.2,-1350.78,262.47,-1342.81,-1350.78,2134.81,67.2,349.53,"IEEE W orld F orum on Internet of Things (WF-IoT) , 2014, pp. 241–246."
6,0,0,0,0,8,6,/IXUHUC+NimbusRomNo9L-ReguItal,7.97,330.24,-1354.63,485.08,-1346.66,-1354.63,2138.66,330.24,126.92,"tions, vol. 24, no. 3, pp. 58–65, 2017."
6,0,0,0,0,16,6,/MNTPMD+NimbusRomNo9L-Regu,7.97,52.92,-1359.9,305.69,-1351.93,-1359.9,2143.93,52.92,306.31,"[2] N. Liu, “Internet of Vehicles: Y our next connection, ” Huawei W inW in ,"
6,0,0,0,0,17,6,/MNTPMD+NimbusRomNo9L-Regu,7.97,312.0,-1364.47,602.91,-1356.5,-1364.47,2148.5,312.0,9.09,"[26] D. B. Rawat, M. Garuba, L. Chen, and Q. Y ang, “On the secur ity of"
6,0,0,0,0,5,6,/MNTPMD+NimbusRomNo9L-Regu,7.97,67.2,-1368.9,170.81,-1360.93,-1368.9,2152.93,67.2,441.19,"vol. 11, pp. 23–28, 2011."
6,0,0,0,0,8,6,/MNTPMD+NimbusRomNo9L-Regu,7.97,330.24,-1373.47,553.4,-1365.5,-1373.47,2157.5,330.24,58.6,"information dissemination in the Internet-of-Vehicles, ” Tsinghua Science"
6,0,0,0,0,16,6,/MNTPMD+NimbusRomNo9L-Regu,7.97,52.92,-1378.02,327.2,-1370.05,-1378.02,2162.05,52.92,284.8,"[3] F . Bonomi et al. , “The smart and connected vehicle and the Internet of"
6,0,0,0,0,11,6,/IXUHUC+NimbusRomNo9L-ReguItal,7.97,330.24,-1382.47,481.67,-1374.5,-1382.47,2166.5,330.24,130.33,"and T echnology , vol. 22, no. 4, pp. 437–445, 2017."
6,0,0,0,0,12,6,/MNTPMD+NimbusRomNo9L-Regu,7.97,67.2,-1387.02,310.29,-1379.05,-1387.02,2171.05,67.2,301.71,"Things, ” in Proc. of W orkshop on Synchronization in T elecommunication"
6,0,0,0,0,18,6,/MNTPMD+NimbusRomNo9L-Regu,7.97,312.0,-1392.31,606.89,-1384.34,-1392.31,2176.34,312.0,5.11,"[27] X. Huang, Y . Mu, W . Susilo, D. W ong, and W . Wu, “Certiﬁcat eless"
6,0,0,0,0,4,6,/IXUHUC+NimbusRomNo9L-ReguItal,7.97,67.2,-1395.9,122.99,-1387.93,-1395.9,2179.93,67.2,489.01,"Systems (WSTS) , 2013."
6,0,0,0,0,11,6,/MNTPMD+NimbusRomNo9L-Regu,7.97,330.24,-1401.31,497.61,-1393.34,-1401.31,2185.34,330.24,114.39,"signature revisited, ” in Proc. of Information Security and Privacy ."
6,0,0,0,0,17,6,/MNTPMD+NimbusRomNo9L-Regu,7.97,52.92,-1405.14,351.8,-1397.17,-1405.14,2189.17,52.92,260.2,"[4] O. Kaiwartya, A. H. Abdullah, Y . Cao, A. Altameem, M. Pras ad, C. T ."
6,0,0,0,0,4,6,/MNTPMD+NimbusRomNo9L-Regu,7.97,330.24,-1410.19,445.81,-1402.22,-1410.19,2194.22,330.24,166.19,"Springer, 2007, pp. 308–322."
6,0,0,0,0,51,6,/MNTPMD+NimbusRomNo9L-Regu,7.97,67.2,-1432.02,598.92,-1406.05,-1432.02,2198.05,67.2,13.08,"Lin, and X. Liu, “Internet of Vehicles: Motivation, layered architecture, [28] D. He, B. Huang, and J. Chen, “New certiﬁcateless short s ignature network model, challenges, and future aspects, ” IEEE Access , vol. 4, scheme, ” IET Information Security , vol. 7, no. 2, pp. 113–117, 2013. pp. 5356–5373, 2016."
6,0,0,0,0,29,6,/MNTPMD+NimbusRomNo9L-Regu,7.97,52.92,-1441.14,618.85,-1431.02,-1441.14,2223.02,52.92,-6.85,"[29] R. Tso, C. Gu, T . Okamoto, and E. Okamoto, “Efﬁcient ID-b ased digital [5] M. Gerla, “V ehicular cloud computing, ” in Proc. of the 11th Annual"
6,0,0,0,0,25,6,/MNTPMD+NimbusRomNo9L-Regu,7.97,67.2,-1459.02,473.7,-1439.9,-1459.02,2231.9,67.2,138.3,"signatures with message recovery , ” Cryptology and Network Security , Mediterranean Ad Hoc Networking W orkshop (Med-Hoc-Net) , 2012, pp. pp. 47–59, 2007. 152–155."
6,0,0,0,0,31,6,/MNTPMD+NimbusRomNo9L-Regu,7.97,52.92,-1468.26,630.8,-1458.74,-1468.26,2250.74,52.92,-18.8,"[30] S. Cui, P . Duan, C. W . Chan, and X. Cheng, “ An efﬁcient ide ntity-based [6] X. Du and F . Lin, “Maintaining differentiated coverage i n heterogeneous"
6,0,0,0,0,20,6,/MNTPMD+NimbusRomNo9L-Regu,7.97,67.2,-1477.14,489.64,-1467.74,-1477.14,2259.74,67.2,122.36,"signature scheme and its applications. ” International Journal of Network sensor networks, ” EURASIP Journal on W ireless Communications and"
6,0,0,0,0,16,6,/IXUHUC+NimbusRomNo9L-ReguItal,7.97,67.2,-1486.14,491.53,-1476.74,-1486.14,2268.74,67.2,120.47,"Security, vol. 5, no. 1, pp. 89–98, 2007. Networking, vol. 5, no. 4, pp. 565–572, 2005."
6,0,0,0,0,36,6,/MNTPMD+NimbusRomNo9L-Regu,7.97,52.92,-1495.26,626.82,-1486.58,-1495.26,2278.58,52.92,-14.82,"[31] Y . H. Hung, Y . M. Tseng, and S. S. Huang, “ A revocable cert iﬁcateless [7] Z. Su, Q. Qi, Q. Xu, S. Guo, and X. W ang, “Incentive scheme f or cyber"
6,0,0,0,0,35,6,/MNTPMD+NimbusRomNo9L-Regu,7.97,67.2,-1513.26,573.33,-1495.58,-1513.26,2287.58,67.2,38.67,"short signature scheme and its authentication application , ” Informatica, physical social systems based on user behaviors, ” IEEE Transactions on vol. 27, no. 3, pp. 549–572, 2016. Emerging T opics in Computing , 2017."
6,0,0,0,0,31,6,/MNTPMD+NimbusRomNo9L-Regu,7.97,52.92,-1522.39,622.83,-1514.41,-1522.39,2306.41,52.92,-10.83,"[8] X. Du, Y . Xiao, H. H. Chen, and Q. Wu, “Secure cell relay rou ting [32] R. Tso, X. Huang, and W . Susilo, “Strongly secure certiﬁ cateless short"
6,0,0,0,0,34,6,/MNTPMD+NimbusRomNo9L-Regu,7.97,67.2,-1540.27,485.77,-1523.41,-1540.27,2315.41,67.2,126.23,"protocol for sensor networks, ” W ireless Communications and Mobile  signatures, ” Journal of Systems and Software , vol. 85, no. 6, pp. 1409– Computing, vol. 6, no. 3, pp. 375–391, 2006.  1417, 2012."
7,0,0,0,0,16,6,/MNTPMD+NimbusRomNo9L-Regu,7.97,48.96,725.11,355.81,733.08,725.11,58.92,48.96,256.19,"[33] Y . C. Chen, G. Horng, and C. L. Liu, “Strong non-repudiat ion based on"
7,0,0,0,0,15,6,/MNTPMD+NimbusRomNo9L-Regu,7.97,67.2,707.23,243.57,724.08,707.23,67.92,67.2,368.43,"certiﬁcateless short signatures, ” IET Information Security , vol. 7, no. 3, pp. 253–263, 2013."
